[
  {"name": "Ahmed Alghannam", "gender": "Male"},
  {"name": "Robert Doe", "gender": "Male"},
  {"name": "Yusuf Ali", "gender": "Male"},
  {"name": "Khalid Ahmed", "gender": "Male"},
  {"name": "Hassan Ali", "gender": "Male"},
  {"name": "Ibrahim Hussein", "gender": "Male"},
  {"name": "Michael Brown", "gender": "Male"},
  {"name": "James Wilson", "gender": "Male"},
  {"name": "John Davis", "gender": "Male"},
  {"name": "Charles Miller", "gender": "Male"},
  {"name": "Joseph Taylor", "gender": "Male"},
  {"name": "Thomas Moore", "gender": "Male"},
  {"name": "Christopher White", "gender": "Male"},
  {"name": "Daniel Lee", "gender": "Male"},
  {"name": "Paul Harris", "gender": "Male"},
  {"name": "Mark Thomas", "gender": "Male"},
  {"name": "Donald Walker", "gender": "Male"},
  {"name": "George Hall", "gender": "Male"},
  {"name": "Kenneth Young", "gender": "Male"},
  {"name": "Steven King", "gender": "Male"},
  {"name": "Edward Baker", "gender": "Male"},
  {"name": "Brian Gonzalez", "gender": "Male"},
  {"name": "Ronald Nelson", "gender": "Male"},
  {"name": "Anthony Carter", "gender": "Male"},
  {"name": "Kevin Mitchell", "gender": "Male"},
  {"name": "Jason Perez", "gender": "Male"},
  {"name": "Matthew Roberts", "gender": "Male"},
  {"name": "Gary Turner", "gender": "Male"},
  {"name": "Timothy Phillips", "gender": "Male"},
  {"name": "Jose Campbell", "gender": "Male"},
  {"name": "Larry Parker", "gender": "Male"},
  {"name": "Jeffrey Evans", "gender": "Male"},
  {"name": "Frank Edwards", "gender": "Male"},
  {"name": "Scott Collins", "gender": "Male"},
  {"name": "Eric Stewart", "gender": "Male"},
  {"name": "Stephen Sanchez", "gender": "Male"},
  {"name": "Andrew Morris", "gender": "Male"},
  {"name": "Raymond Rogers", "gender": "Male"},
  {"name": "Gregory Reed", "gender": "Male"},
  {"name": "Joshua Cook", "gender": "Male"},
  {"name": "Jerry Morgan", "gender": "Male"},
  {"name": "Dennis Bell", "gender": "Male"},
  {"name": "Walter Watson", "gender": "Male"},
  {"name": "Patrick Murphy", "gender": "Male"},
  {"name": "Peter Bailey", "gender": "Male"},
  {"name": "Harold Rivera", "gender": "Male"},
  {"name": "Douglas Cooper", "gender": "Male"},
  {"name": "Henry Richardson", "gender": "Male"},
  {"name": "Carl Cox", "gender": "Male"},
  {"name": "Arthur Howard", "gender": "Male"},
  {"name": "Ryan Ward", "gender": "Male"},
  {"name": "Roger Torres", "gender": "Male"},
  {"name": "Joe Peterson", "gender": "Male"},
  {"name": "Juan Gray", "gender": "Male"},
  {"name": "Jack Ramirez", "gender": "Male"},
  {"name": "Albert James", "gender": "Male"},
  {"name": "Jonathan Watson", "gender": "Male"},
  {"name": "Justin Brooks", "gender": "Male"},
  {"name": "Terry Kelly", "gender": "Male"},
  {"name": "Gerald Sanders", "gender": "Male"},
  {"name": "Keith Price", "gender": "Male"},
  {"name": "Samuel Bennett", "gender": "Male"},
  {"name": "Willie Wood", "gender": "Male"},
  {"name": "Ralph Barnes", "gender": "Male"},
  {"name": "Lawrence Ross", "gender": "Male"},
  {"name": "Nicholas Henderson", "gender": "Male"},
  {"name": "Roy Coleman", "gender": "Male"},
  {"name": "Benjamin Jenkins", "gender": "Male"},
  {"name": "Bruce Perry", "gender": "Male"},
  {"name": "Brandon Powell", "gender": "Male"},
  {"name": "Adam Sullivan", "gender": "Male"},
  {"name": "Harry Russell", "gender": "Male"},
  {"name": "Fred Ortiz", "gender": "Male"},
  {"name": "Wayne Gomez", "gender": "Male"},
  {"name": "Billy Murray", "gender": "Male"},
  {"name": "Steve Freeman", "gender": "Male"},
  {"name": "Louis Wells", "gender": "Male"},
  {"name": "Jeremy Banks", "gender": "Male"},
  {"name": "Aaron Price", "gender": "Male"},
  {"name": "Randy Hicks", "gender": "Male"},
  {"name": "Howard Alvarez", "gender": "Male"},
  {"name": "Eugene Steele", "gender": "Male"},
  {"name": "Carlos Singleton", "gender": "Male"},
  {"name": "Russell Floyd", "gender": "Male"},
  {"name": "Bobby Hanson", "gender": "Male"},
  {"name": "Victor Dean", "gender": "Male"},
  {"name": "Martin Gould", "gender": "Male"},
  {"name": "Ernest Tran", "gender": "Male"},
  {"name": "Phillip Cohen", "gender": "Male"},
  {"name": "Todd Zimmerman", "gender": "Male"},
  {"name": "Jesse Erickson", "gender": "Male"},
  {"name": "Craig Fletcher", "gender": "Male"},
  {"name": "Alan Jensen", "gender": "Male"},
  {"name": "Shawn Mckinney", "gender": "Male"},
  {"name": "Clarence Winters", "gender": "Male"},
  {"name": "Sean Walters", "gender": "Male"},
  {"name": "Philip Blake", "gender": "Male"},
  {"name": "Chris Mclean", "gender": "Male"},
  {"name": "Johnny Rojas", "gender": "Male"},
  {"name": "Earl Lucas", "gender": "Male"},
  {"name": "Jimmy Arias", "gender": "Male"},
  {"name": "Antonio Francis", "gender": "Male"},
  {"name": "Danny Nguyen", "gender": "Male"},
  {"name": "Bryan Gutierrez", "gender": "Male"},
  {"name": "Tony Pham", "gender": "Male"},
  {"name": "Luis Oconnor", "gender": "Male"},
  {"name": "Mike Webster", "gender": "Male"},
  {"name": "Stanley Curtis", "gender": "Male"},
  {"name": "Leonard Wheeler", "gender": "Male"},
  {"name": "Lisa Smith", "gender": "Female"},
  {"name": "Sophia Johnson", "gender": "Female"},
  {"name": "Olivia Williams", "gender": "Female"},
  {"name": "Ava Jones", "gender": "Female"},
  {"name": "Emily Brown", "gender": "Female"},
  {"name": "Isabella Davis", "gender": "Female"},
  {"name": "Mia Wilson", "gender": "Female"},
  {"name": "Amelia Miller", "gender": "Female"},
  {"name": "Harper Lee", "gender": "Female"},
  {"name": "Evelyn Young", "gender": "Female"},
  {"name": "Abigail Thomas", "gender": "Female"},
  {"name": "Ella Harris", "gender": "Female"},
  {"name": "Scarlett Moore", "gender": "Female"},
  {"name": "Madison Walker", "gender": "Female"},
  {"name": "Sofia Hall", "gender": "Female"},
  {"name": "Victoria King", "gender": "Female"},
  {"name": "Aria White", "gender": "Female"},
  {"name": "Grace Taylor", "gender": "Female"},
  {"name": "Chloe Adams", "gender": "Female"},
  {"name": "Camila Martin", "gender": "Female"},
  {"name": "Penelope Anderson", "gender": "Female"},
  {"name": "Riley Thompson", "gender": "Female"},
  {"name": "Layla Garcia", "gender": "Female"},
  {"name": "Lillian Martinez", "gender": "Female"},
  {"name": "Zoe Robinson", "gender": "Female"},
  {"name": "Nora Clark", "gender": "Female"},
  {"name": "Hazel Rodriguez", "gender": "Female"},
  {"name": "Ellie Lewis", "gender": "Female"},
  {"name": "Stella Lee", "gender": "Female"},
  {"name": "Aurora Walker", "gender": "Female"},
  {"name": "Natalie Hall", "gender": "Female"},
  {"name": "Emilia Allen", "gender": "Female"},
  {"name": "Leah King", "gender": "Female"},
  {"name": "Aubrey Wright", "gender": "Female"},
  {"name": "Willow Scott", "gender": "Female"},
  {"name": "Addison Green", "gender": "Female"},
  {"name": "Lucy Baker", "gender": "Female"},
  {"name": "Kinsley Adams", "gender": "Female"},
  {"name": "Audrey Nelson", "gender": "Female"},
  {"name": "Elizabeth Carter", "gender": "Female"},
  {"name": "Claire Mitchell", "gender": "Female"},
  {"name": "Sarah Phillips", "gender": "Female"},
  {"name": "Skylar Campbell", "gender": "Female"},
  {"name": "Allison Parker", "gender": "Female"},
  {"name": "Savannah Evans", "gender": "Female"},
  {"name": "Ashley Turner", "gender": "Female"},
  {"name": "Samantha Collins", "gender": "Female"},
  {"name": "Alyssa Stewart", "gender": "Female"},
  {"name": "Anna Sanchez", "gender": "Female"},
  {"name": "Aaliyah Morris", "gender": "Female"},
  {"name": "Ariana Rogers", "gender": "Female"},
  {"name": "Gabriella Reed", "gender": "Female"},
  {"name": "Violet Cook", "gender": "Female"},
  {"name": "Bella Morgan", "gender": "Female"},
  {"name": "Mila Bailey", "gender": "Female"},
  {"name": "Katherine Rivera", "gender": "Female"},
  {"name": "Avery Cooper", "gender": "Female"},
  {"name": "Hailey Richardson", "gender": "Female"},
  {"name": "Gianna Cox", "gender": "Female"},
  {"name": "Autumn Howard", "gender": "Female"},
  {"name": "Eleanor Ward", "gender": "Female"},
  {"name": "Kaylee Torres", "gender": "Female"},
  {"name": "Nova Perez", "gender": "Female"},
  {"name": "Melanie Brooks", "gender": "Female"},
  {"name": "Aubree Kelly", "gender": "Female"},
  {"name": "Madelyn Sanders", "gender": "Female"},
  {"name": "Lucy Price", "gender": "Female"},
  {"name": "Nevaeh Bennett", "gender": "Female"},
  {"name": "Naomi Barnes", "gender": "Female"},
  {"name": "Lyla Henderson", "gender": "Female"},
  {"name": "Lydia Coleman", "gender": "Female"},
  {"name": "Natalia Jenkins", "gender": "Female"},
  {"name": "Raelynn Perry", "gender": "Female"},
  {"name": "Maria Powell", "gender": "Female"},
  {"name": "Eva Sullivan", "gender": "Female"},
  {"name": "Mackenzie Russell", "gender": "Female"},
  {"name": "Josephine Ortiz", "gender": "Female"},
  {"name": "Delilah Rivera", "gender": "Female"},
  {"name": "Ivy Cole", "gender": "Female"},
  {"name": "Jade Chavez", "gender": "Female"},
  {"name": "Sophie Lawson", "gender": "Female"},
  {"name": "Quinn Erickson", "gender": "Female"},
  {"name": "Caroline Dawson", "gender": "Female"},
  {"name": "Genesis Luna", "gender": "Female"},
  {"name": "Valentina Davidson", "gender": "Female"},
  {"name": "Kennedy Norman", "gender": "Female"},
  {"name": "Jada Acosta", "gender": "Female"},
  {"name": "Gabrielle Velazquez", "gender": "Female"},
  {"name": "Eliana Douglas", "gender": "Female"},
  {"name": "Adriana Cortez", "gender": "Female"},
  {"name": "Mikayla Leonard", "gender": "Female"},
  {"name": "Sadie Shea", "gender": "Female"},
  {"name": "Daisy Maldonado", "gender": "Female"},
  {"name": "Mya Vance", "gender": "Female"},
  {"name": "Payton Mack", "gender": "Female"},
  {"name": "Ana Ibarra", "gender": "Female"},
  {"name": "Leilani Keith", "gender": "Female"},
  {"name": "Sara Macias", "gender": "Female"},
  {"name": "Jazmine Hancock", "gender": "Female"},
  {"name": "Melody Trevino", "gender": "Female"}
  ]