[
    {
      "name": "Saleh Alghannam",
      "gender": "Male"
    },
    {
      "name": "John Doe",
      "gender": "Male"
    },
    {
      "name": "Jane Smith",
      "gender": "Female"
    },
    {
      "name": "Mohammed Ali",
      "gender": "Male"
    },
    {
      "name": "Emily Johnson",
      "gender": "Female"
    },
    {
      "name": "Abdullah Ahmed",
      "gender": "Male"
    },
    {
      "name": "Sarah Williams",
      "gender": "Female"
    },
    {
      "name": "Ali Hassan",
      "gender": "Male"
    },
    {
      "name": "Emma Jones",
      "gender": "Female"
    },
    {
      "name": "Omar Hussein",
      "gender": "Male"
    }
  ]