[
    {
      "name": "Ahmed Alghannam",
      "gender": "Male"
    },
    {
      "name": "Robert Doe",
      "gender": "Male"
    },
    {
      "name": "Lisa Smith",
      "gender": "Female"
    },
    {
      "name": "Yusuf Ali",
      "gender": "Male"
    },
    {
      "name": "Sophia Johnson",
      "gender": "Female"
    },
    {
      "name": "Khalid Ahmed",
      "gender": "Male"
    },
    {
      "name": "Olivia Williams",
      "gender": "Female"
    },
    {
      "name": "Hassan Ali",
      "gender": "Male"
    },
    {
      "name": "Ava Jones",
      "gender": "Female"
    },
    {
      "name": "Ibrahim Hussein",
      "gender": "Male"
    }
  ]